{
  "dataset": "malware_ds2",
  "model": "hist_gradient_boosting",
  "params": {
    "learning_rate": 0.05,
    "max_iter": 300,
    "max_depth": 8,
    "max_bins": 255,
    "l2_regularization": 0.0
  },
  "test_size": 0.2,
  "random_state": 42,
  "n_train": 16680,
  "n_test": 4171,
  "accuracy": 0.9259170462718772,
  "precision": 0.9847264648708692,
  "recall": 0.9331578947368421,
  "f1": 0.9582488852857722,
  "roc_auc": 0.9620126968364305,
  "confusion_matrix": [
    [
      316,
      55
    ],
    [
      254,
      3546
    ]
  ],
  "classification_report": {
    "0": {
      "precision": 0.5543859649122806,
      "recall": 0.8517520215633423,
      "f1-score": 0.6716259298618491,
      "support": 371.0
    },
    "1": {
      "precision": 0.9847264648708692,
      "recall": 0.9331578947368421,
      "f1-score": 0.9582488852857722,
      "support": 3800.0
    },
    "accuracy": 0.9259170462718772,
    "macro avg": {
      "precision": 0.7695562148915749,
      "recall": 0.8924549581500922,
      "f1-score": 0.8149374075738107,
      "support": 4171.0
    },
    "weighted avg": {
      "precision": 0.9464487555722272,
      "recall": 0.9259170462718772,
      "f1-score": 0.9327544915043589,
      "support": 4171.0
    }
  }
}