{
  "dataset": "malware_ds1",
  "model": "random_forest",
  "params": {
    "n_estimators": 300,
    "max_depth": null,
    "min_samples_leaf": 2
  },
  "test_size": 0.2,
  "random_state": 42,
  "n_train": 80000,
  "n_test": 20000,
  "accuracy": 1.0,
  "precision": 1.0,
  "recall": 1.0,
  "f1": 1.0,
  "roc_auc": 1.0,
  "confusion_matrix": [
    [
      10000,
      0
    ],
    [
      0,
      10000
    ]
  ],
  "classification_report": {
    "0": {
      "precision": 1.0,
      "recall": 1.0,
      "f1-score": 1.0,
      "support": 10000.0
    },
    "1": {
      "precision": 1.0,
      "recall": 1.0,
      "f1-score": 1.0,
      "support": 10000.0
    },
    "accuracy": 1.0,
    "macro avg": {
      "precision": 1.0,
      "recall": 1.0,
      "f1-score": 1.0,
      "support": 20000.0
    },
    "weighted avg": {
      "precision": 1.0,
      "recall": 1.0,
      "f1-score": 1.0,
      "support": 20000.0
    }
  },
  "top_feature_importances": {
    "static_prio": 0.20763201064897732,
    "nvcsw": 0.1021123893851741,
    "free_area_cache": 0.09814802765265866,
    "utime": 0.09796026011673184,
    "vm_truncate_count": 0.05402675180743015,
    "shared_vm": 0.05191947332059125,
    "end_data": 0.0486213892446963,
    "exec_vm": 0.042315036802689485,
    "maj_flt": 0.04124751028932288,
    "map_count": 0.03771229578217455,
    "mm_users": 0.03517671427564845,
    "prio": 0.03359171387855066,
    "last_interval": 0.031116307290484476,
    "reserved_vm": 0.027481312745461253,
    "nivcsw": 0.025519018178865836,
    "total_vm": 0.023082947599120197,
    "stime": 0.012926028965972619,
    "fs_excl_counter": 0.01267432801581318,
    "gtime": 0.009058510168248829,
    "millisecond": 0.003402029483309546
  }
}