{
  "dataset": "malware_ds2",
  "model": "kmeans",
  "n_clusters": 2,
  "random_state": 42,
  "n_samples": 20851,
  "silhouette": 0.9867828257865231,
  "adjusted_rand_index": 0.0026523841389665304,
  "mapped_accuracy": 0.9110834012757182,
  "cluster_sizes": {
    "0": 20848,
    "1": 3
  },
  "cluster_label_mapping": {
    "0": 1,
    "1": 0
  }
}