{
  "model": "kmeans",
  "n_clusters": 2,
  "vectorizer": {
    "min_df": 2,
    "max_features": 60000,
    "ngram_range": [
      1,
      2
    ]
  },
  "svd": {
    "n_components": 300
  },
  "random_state": 42,
  "n_samples": 15188,
  "silhouette": 0.010041968553100212,
  "adjusted_rand_index": -0.020936232683367802,
  "cluster_label_mapping": {
    "0": 0,
    "1": 0
  },
  "mapped_accuracy": 0.7755464840663682,
  "cluster_sizes": {
    "0": 9577,
    "1": 5611
  }
}